,return,decile_rank,fip_scores_mid
MKTX,0.44818791394133695,9,-0.24242424242424243
GPN,0.5154764620883701,9,-0.22943722943722944
SO,0.40256102440976527,9,-0.22077922077922085
WU,0.5107084019769361,9,-0.2034632034632035
INFO,0.47814005187106456,9,-0.20346320346320346
